一降到底 首月减800再返现 海泰国际公寓 押一付一 无附加,海泰国际公寓,360 元/月,https://tj.zu.anjuke.com/fangyuan/1220965353
晶采大厦 下瓦房A口 精装可租办公 随时看房,晶采上品,4500 元/月,https://tj.zu.anjuke.com/fangyuan/1217763906
一降到底 首月减800再返现 顶佳金领地 押一付一 无附加费,顶佳金领地,380 元/月,https://tj.zu.anjuke.com/fangyuan/1220966777
东丽开发区 万科民和巷 精装三室 价格美丽 拎包入住,万科民和巷,2350 元/月,https://tj.zu.anjuke.com/fangyuan/1218014529
一降到底   首月减800再返现  美年广场小区  超高性价,美年广场小区,350 元/月,https://tj.zu.anjuke.com/fangyuan/1220966621
一降到底首月减800再返现  美塘佳苑 品牌好房 欧式装修,美塘佳苑,390 元/月,https://tj.zu.anjuke.com/fangyuan/1220968185
万科民和巷，全齐三室，全新出租，价格可议,万科民和巷,2400 元/月,https://tj.zu.anjuke.com/fangyuan/1218424399
一降到底  首月减800再返现 溪华苑  视野开阔,溪华苑,320 元/月,https://tj.zu.anjuke.com/fangyuan/1220971081
一降到底  首月减800再返现 有机宿舍 押一付一 专人,有机合成宿舍,350 元/月,https://tj.zu.anjuke.com/fangyuan/1220966595
府湖里精装两室家具齐全交通便利拎包入住,府湖里,2700 元/月,https://tj.zu.anjuke.com/fangyuan/1216984006
一降到底 首月减800再返现 专家公寓 北欧风精装,专家公寓,340 元/月,https://tj.zu.anjuke.com/fangyuan/1220966215
美德里 好房出租 品牌好房 贴心管家 优惠多多,美德里,1480 元/月,https://tj.zu.anjuke.com/fangyuan/1217157203
程华里 可月付 包物业采暖网 三家合租 紧邻3号线华苑站,程华里,889 元/月,https://tj.zu.anjuke.com/fangyuan/1219436351
庆云里 小区房源 干净卫生 免费宽带 优惠多多,庆云里,1140 元/月,https://tj.zu.anjuke.com/fangyuan/1217162925
一降到底 首月减800再返现 明华苑  专属管家 随时看房,明华苑,310 元/月,https://tj.zu.anjuke.com/fangyuan/1220946891
金地紫云庭 精装复式 家电全齐 随时看房 温馨一室一卫两厅,紫乐名轩,2800 元/月,https://tj.zu.anjuke.com/fangyuan/1216807722
麦收国际公寓 小区房源  可押一付一 住的舒心 随时带看,麦收国际公寓,1490 元/月,https://tj.zu.anjuke.com/fangyuan/1219795355
东丽医院后身，精装三室，随时入住，随时看房，价格跳楼,万科民和巷,2470 元/月,https://tj.zu.anjuke.com/fangyuan/1217270429
更生里 小区房源 紧邻公交地铁站 环境优美 免费宽带,更生里,1160 元/月,https://tj.zu.anjuke.com/fangyuan/1217153225
一降到底  首月减800再返现 孚泰公寓 设施齐全 养生宜居,孚泰公寓,370 元/月,https://tj.zu.anjuke.com/fangyuan/1220950929
一降到底  首月减800再返现 海山北里  视野开阔,海山北里,300 元/月,https://tj.zu.anjuke.com/fangyuan/1221188041
敬爱里下瓦房家具齐全 精装 押一付一  0中J费,敬爱里,1590 元/月,https://tj.zu.anjuke.com/fangyuan/1217691139
哈尔滨道河南路交口  周边配套齐全 交通便利  临近滨江道步,四季汇,4000 元/月,https://tj.zu.anjuke.com/fangyuan/1217920181
永旺购物旁 小区门口 全新家电 初租 有钥匙 图片真实,万科海港城,2500 元/月,https://tj.zu.anjuke.com/fangyuan/1215074433
四构件 小区房源 家具齐全 免费宽带 优惠多多,四构件社区,1130 元/月,https://tj.zu.anjuke.com/fangyuan/1220131311
爱情公寓出租 包物业取暖网费 定期保洁 免费维修 非中介,秀波园小区,930 元/月,https://tj.zu.anjuke.com/fangyuan/1215217667
福建北路唐山里小区两室一厅精装修，家电齐全拎包入住，好房出租,唐山里,1350 元/月,https://tj.zu.anjuke.com/fangyuan/1221295143
天津站附近 汇和家园 精装电梯房直租无中介 包物业采暖网费,汇和家园,900 元/月,https://tj.zu.anjuke.com/fangyuan/1218282089
一降到底  首月减800再返现  塞纳公馆 高速网络,塞纳公馆,350 元/月,https://tj.zu.anjuke.com/fangyuan/1220969765
满江里  家具齐全 高速宽带 随时带看 押一付一,满江里,1520 元/月,https://tj.zu.anjuke.com/fangyuan/1217707448
一降到底 首月减800再返现  云轩公寓  双周保洁,云轩公寓,300 元/月,https://tj.zu.anjuke.com/fangyuan/1220967263
一降到底 首月减800再返现  城厢嘉园 精装公寓,城厢嘉园,360 元/月,https://tj.zu.anjuke.com/fangyuan/1220967069
五大街万科金域蓝湾 精装两室 紧邻永旺购物中心 保税区 速度,万科金域蓝湾,2700 元/月,https://tj.zu.anjuke.com/fangyuan/1214979848
一降到底 首月减800再返现  格调故里 拎包入住 交通便利,格调故里,340 元/月,https://tj.zu.anjuke.com/fangyuan/1220965491
水库旁 心贻湾卧室出租 首月减200 包物业采暖网 可做饭,融科心贻湾,860 元/月,https://tj.zu.anjuke.com/fangyuan/1219743505
月末首月五折五折！精装单间出租 免物业采暖 管家服务定期保洁,蓝庭轩,600 元/月,https://tj.zu.anjuke.com/fangyuan/1217748842
一降到底 首月减800再返现  煦园新居 周边配套设施齐全,煦园新居,390 元/月,https://tj.zu.anjuke.com/fangyuan/1220966229
菁华邨两室南北通透中等装修，家具家电齐全，拎包入住，随时看房,菁华村,1200 元/月,https://tj.zu.anjuke.com/fangyuan/1218907435
新港 千间宿舍 精装两室紧邻一小 设备齐全 拎包入住 随时看,千间宿舍十二段,1500 元/月,https://tj.zu.anjuke.com/fangyuan/1224476201
小区房源 品牌好房 免费宽带 优惠多多,福天里,1000 元/月,https://tj.zu.anjuke.com/fangyuan/1217134504
儒园公寓 小区房源 紧邻公交地铁站 环境优美 免费宽带,儒园公寓,1020 元/月,https://tj.zu.anjuke.com/fangyuan/1219317605
凤仪园 紧邻南开大悦城 二纬路地铁站 精装修拎包即住,摩登天空凤仪园,2600 元/月,https://tj.zu.anjuke.com/fangyuan/1216744261
(新上通透三室)金茂现场丨精装全齐拎包住丨陪读白领佳选随时看,金茂广场,5700 元/月,https://tj.zu.anjuke.com/fangyuan/1219218271
乡宁里  家具齐全 高速宽带 随时带看 押一付一,乡宁里,1370 元/月,https://tj.zu.anjuke.com/fangyuan/1217160383
安岳楼 小区房源  可押一付一 住的舒心 随时带看,安岳楼,1160 元/月,https://tj.zu.anjuke.com/fangyuan/1217234750
汇宝名苑 好房出租 干净卫生 免费宽带 优惠多多,汇宝名苑,1190 元/月,https://tj.zu.anjuke.com/fangyuan/1217216961
馨名园 好房出租 干净卫生 免费宽带 优惠多多,馨名园,940 元/月,https://tj.zu.anjuke.com/fangyuan/1215970183
急租康泰里  紧邻地铁 没有中J费 押一付一 家具家电全新,康泰里,1180 元/月,https://tj.zu.anjuke.com/fangyuan/1217197377
华鹏里 中介勿扰 家具齐全 押一付一 新装修 随时带看,华鹏里,940 元/月,https://tj.zu.anjuke.com/fangyuan/1216659197
急租卫安南里  紧邻地铁 押一付一 全新家具家电 随时带看,卫安南里,950 元/月,https://tj.zu.anjuke.com/fangyuan/1216067737
常德道7号小区 干净便宜 带独卫大主卧 颜值也不低,常德道7号小区,1360 元/月,https://tj.zu.anjuke.com/fangyuan/1217199783
润泰园 小区房源 家具齐全 免费宽带 优惠多多,润泰园,1050 元/月,https://tj.zu.anjuke.com/fangyuan/1217219023
车站北路 湘江里 精装一室 家电齐全 随时看房,湘江里,1200 元/月,https://tj.zu.anjuke.com/fangyuan/1224489604
一降到底  首月减800再返现  澜湾半岛 高速网络,澜湾半岛,350 元/月,https://tj.zu.anjuke.com/fangyuan/1221076197
红星大厦 地铁站附近捡漏了 强迫症福利 免费保修保洁,红星大厦,1160 元/月,https://tj.zu.anjuke.com/fangyuan/1217216995
好房出租 住的舒心 免费宽带 优惠多多,武昌路12号-14号小区,1270 元/月,https://tj.zu.anjuke.com/fangyuan/1217200765
首月0租金 2号线屿东城 月付全包 拎包入住 精装大主卧 急,雪莲东里,900 元/月,https://tj.zu.anjuke.com/fangyuan/1218021555
特价房！0租金 1号线本溪路旁 精装公寓合租  0中介商大旁,锦西南里,830 元/月,https://tj.zu.anjuke.com/fangyuan/1220621693
急租红升里 家具齐全  押一付一  紧邻地铁 随时带看,红升里,1120 元/月,https://tj.zu.anjuke.com/fangyuan/1217168177
雅香苑 主卧带飘窗 拎包住 可短租月付 首月打五折 来晚无,金隅悦城雅香苑,900 元/月,https://tj.zu.anjuke.com/fangyuan/1220174413
急租汇光里 拎包入住 可押一付一 0中J费 全新装修,汇光里,2210 元/月,https://tj.zu.anjuke.com/fangyuan/1223220105
急租永勤里  紧邻地铁 没有中J费 押一付一 家具家电全新,永勤里,2270 元/月,https://tj.zu.anjuke.com/fangyuan/1219332230
常德道75号小区 好房出租 入住好礼 贴心管家 优惠多多,常德道75号小区,970 元/月,https://tj.zu.anjuke.com/fangyuan/1220266717
全运村 云实园 流苏园 雀榕园 锦葵园我有几套性价比高的房子,云实园,3600 元/月,https://tj.zu.anjuke.com/fangyuan/1219699375
布局科学 尊贵优雅 轩敝设计 户型各区功能明晰,友爱东里,2500 元/月,https://tj.zu.anjuke.com/fangyuan/1221335409
古海里 高档住宅 0中J费 押一付一 家具家电全新 随时看,古海里,1240 元/月,https://tj.zu.anjuke.com/fangyuan/1223755472
熙汇广场 好房出租 家具齐全 免费宽带 速速来电,熙汇广场,2360 元/月,https://tj.zu.anjuke.com/fangyuan/1219160684
万科柏翠园 中介勿扰 家具齐全 押一付一 新装修 随时带看,万科柏翠园,2120 元/月,https://tj.zu.anjuke.com/fangyuan/1220751469
急租程林一村 拎包入住 可押一付一 0中J费 全新装修,程林一村,1380 元/月,https://tj.zu.anjuke.com/fangyuan/1223855299
兴城里  家具齐全 免中J费 随时带看 押一付一,兴城里,1880 元/月,https://tj.zu.anjuke.com/fangyuan/1219190256
真理园  家具齐全 免中J费 随时带看 押一付一,真理园,990 元/月,https://tj.zu.anjuke.com/fangyuan/1223584866
民权门南里 每天都在找房子 是不是很累呢 来我这里看看吧,民权门南里,1690 元/月,https://tj.zu.anjuke.com/fangyuan/1217656043
诗景颂苑新上精装两室随时看房家电齐全拎包入住,诗景颂苑,3300 元/月,https://tj.zu.anjuke.com/fangyuan/1221426107
蛋壳公寓直租  劝业场 继德里 免费高速网络 智能门锁,继德里,1000 元/月,https://tj.zu.anjuke.com/fangyuan/1223794907
贺福里 小区房源 住的舒心 免费宽带 速速来电,贺福里,1940 元/月,https://tj.zu.anjuke.com/fangyuan/1219190848
翠涛东里 蛋壳直租  免费维修  双周保洁,翠涛东里,1250 元/月,https://tj.zu.anjuke.com/fangyuan/1223812222
首月0租金！金冠里，步行地铁站，家电齐全精装修，无中介包取暖,金冠里,1350 元/月,https://tj.zu.anjuke.com/fangyuan/1219804835
富裕大厦 小区房源 干净卫生 免费宽带 速速来电,富裕大厦,2040 元/月,https://tj.zu.anjuke.com/fangyuan/1223251600
凤岐东里 好房出租 环境优美 免费宽带 优惠多多,凤岐东里,1330 元/月,https://tj.zu.anjuke.com/fangyuan/1221207322
阳光新业国际 好房急租 可押一  家具家电齐全 随时带看,阳光新业,1220 元/月,https://tj.zu.anjuke.com/fangyuan/1224284663
急租绚丽园  紧邻地铁 押一付一 全新家具家电 随时带看,绚丽园,1270 元/月,https://tj.zu.anjuke.com/fangyuan/1223802893
华康西里 干净便宜 带独卫大主卧 颜值也不低,华康西里,1050 元/月,https://tj.zu.anjuke.com/fangyuan/1223825230
金狮桥 金明里 4室厅2卫 东北,金明里,1690 元/月,https://tj.zu.anjuke.com/fangyuan/1224347158
急租芳园  紧邻地铁 押一付一 全新家具家电 随时带看,芳园,1330 元/月,https://tj.zu.anjuke.com/fangyuan/1223755138
乐江公寓 好房出租 全新装修 可押一 中介勿扰 急租,乐江公寓,1810 元/月,https://tj.zu.anjuke.com/fangyuan/1218751335
蛋壳公寓直租  金福里 全新家电  南北向采光好,金福里,1000 元/月,https://tj.zu.anjuke.com/fangyuan/1223802675
津品鉴筑熙景园 小区房源 品牌好房 贴心管家 优惠多多,津品鉴筑熙景园,1620 元/月,https://tj.zu.anjuke.com/fangyuan/1219258754
"日环里 畅想真正的浪漫花园洋房生活,回家就是一种渡假",日环里,1180 元/月,https://tj.zu.anjuke.com/fangyuan/1223830087
小白楼 养和里 2室厅1卫 东,养和里,1930 元/月,https://tj.zu.anjuke.com/fangyuan/1224344490
二大街 白云公寓 精装2室 南北通透 配套齐全 拎包入住,白云公寓,2600 元/月,https://tj.zu.anjuke.com/fangyuan/1222003968
金品家园 小区房源 紧邻公交地铁站 环境优美 免费宽带,金品家园,1100 元/月,https://tj.zu.anjuke.com/fangyuan/1223656346
万科依润园 好房出租 入住好礼 贴心管家 优惠多多,万科依润园,1740 元/月,https://tj.zu.anjuke.com/fangyuan/1224279144
好房出租 入住好礼 免费宽带 优惠多多,协安里,1540 元/月,https://tj.zu.anjuke.com/fangyuan/1219113396
天津站 独卫!2号线顺.驰桥 特惠房 中央空调 家具全 直租,新东方家园,1250 元/月,https://tj.zu.anjuke.com/fangyuan/1220610906
科艺里 0中J费 家具齐全 押一付一 全新入住 中介勿扰,科艺里,1790 元/月,https://tj.zu.anjuke.com/fangyuan/1219264505
全运村 云实园 121平三居两卫 出门就是6号线梅林路站,云实园,3600 元/月,https://tj.zu.anjuke.com/fangyuan/1224118960
鞍山道107号楼 小区房源 入住好礼 免费宽带 优惠多多,鞍山道107号楼,2180 元/月,https://tj.zu.anjuke.com/fangyuan/1219153604
金奥广场附近 精装卧室 包物业采暖 没有中jie费能月付房租,国风星苑(二期),1220 元/月,https://tj.zu.anjuke.com/fangyuan/1221680946
海河大观 下瓦房 南楼 天津医院附近精装修可月付,海河大观,2800 元/月,https://tj.zu.anjuke.com/fangyuan/1215245639
环友里 友谊路北方金融大厦对面 带电梯 拎包入住 可租半年,环友里,2450 元/月,https://tj.zu.anjuke.com/fangyuan/1222507721
急租奥翔园  紧邻地铁 押一付一 全新家具家电 随时带看,奥翔园,900 元/月,https://tj.zu.anjuke.com/fangyuan/1223821160
三大街天保月荣轩青年公寓 独卫独厨！独卫独厨！独卫独厨啊！,月荣轩,1400 元/月,https://tj.zu.anjuke.com/fangyuan/1219720256
西青 新津国际（公寓） 蛋壳直租 物业齐全 免费宽带保洁,新津国际（公寓）,1370 元/月,https://tj.zu.anjuke.com/fangyuan/1223801162
蛋壳公寓直租 溪水河畔花园  押一付一  家具全新,溪水河畔花园,1350 元/月,https://tj.zu.anjuke.com/fangyuan/1223794520
好房出租 入住好礼 免费宽带 优惠多多,宜君里,1360 元/月,https://tj.zu.anjuke.com/fangyuan/1217629698
西关北里 精装一室 清新舒适 价格可议,卫安北里,2300 元/月,https://tj.zu.anjuke.com/fangyuan/1224293568
一降到底 首月减800再返现 程华里 押一付一 无附加费,程华里,320 元/月,https://tj.zu.anjuke.com/fangyuan/1220967168
儿童医院 河北工业大学北辰校区 瑞景建材 韩家墅市场 城市建,秋瑞家园,3100 元/月,https://tj.zu.anjuke.com/fangyuan/1219884756
津塔公寓，海河夜景，拎包入住,津塔公寓,3700 元/月,https://tj.zu.anjuke.com/fangyuan/1220568843
新庆里 精装一室 温馨舒适 清新典雅 价格可议 家的感觉,新庆里,3200 元/月,https://tj.zu.anjuke.com/fangyuan/1219842777
瑞星里 好房出租 干净卫生 免费宽带 速速来电,瑞星里,1810 元/月,https://tj.zu.anjuke.com/fangyuan/1219184049
月付房 紫云园精装3室  中间楼层  紧邻西门 随时看房入住,紫云园,3000 元/月,https://tj.zu.anjuke.com/fangyuan/1216900298
富景花园 押一付一 双周保洁 0中J费 全新装修 拎包入住,富景花园,1530 元/月,https://tj.zu.anjuke.com/fangyuan/1224317665
一降到底 首月减800再返现 堤东里 押一付一 无附加费,堤东里,340 元/月,https://tj.zu.anjuke.com/fangyuan/1220963166
四平东道小区 好房出租 干净卫生 免费宽带 优惠多多,四平东道小区,2100 元/月,https://tj.zu.anjuke.com/fangyuan/1223881594
下瓦房圣德园 电梯房 精装合租 包物业取暖杂费,圣德园,1190 元/月,https://tj.zu.anjuke.com/fangyuan/1215336434
晴川花园精装两室 家具家电齐全 拎包入住 随时看房,晴川花园,3200 元/月,https://tj.zu.anjuke.com/fangyuan/1222610594
长乐里 好房急租 可押一  家具家电齐全 随时带看,长乐里,2450 元/月,https://tj.zu.anjuke.com/fangyuan/1220131346
蛋壳公寓直租 咸阳北路 欧澜家园  智能门锁  北欧风精装,欧澜家园,1360 元/月,https://tj.zu.anjuke.com/fangyuan/1223836970
绥中楼 采光充足 价位合理 东西齐全 诚心出租,绥中楼,1100 元/月,https://tj.zu.anjuke.com/fangyuan/1216254820
凌研里 小区房源 干净卫生 免费宽带 优惠多多,凌研里,1280 元/月,https://tj.zu.anjuke.com/fangyuan/1217172916
会泽园王顶堤家具齐全 精装 押一付一  0中J费,会泽园,1960 元/月,https://tj.zu.anjuke.com/fangyuan/1221286527
川南里 小区房源 入住好礼 欧式装修 优惠多多,川南里,1550 元/月,https://tj.zu.anjuke.com/fangyuan/1218501565
万科仕林苑 0中J费 家具齐全 押一付一 全新入住 中介勿扰,万科仕林苑,1520 元/月,https://tj.zu.anjuke.com/fangyuan/1220331271
好房出租 住的舒心 免费宽带 优惠多多,山海天,1260 元/月,https://tj.zu.anjuke.com/fangyuan/1217171411
华瑞里 好房出租 紧邻公交地铁站 干净卫生 免费宽带,华瑞里,1360 元/月,https://tj.zu.anjuke.com/fangyuan/1220254209
外国语大学附近 阳光大主卧  包物业采暖包网  电梯房 押一,津滨雅都公寓,1050 元/月,https://tj.zu.anjuke.com/fangyuan/1213830300
首月0租金！朗月轩，精装主卧带阳台，真实图片真实价格，无中介,朗月轩,1180 元/月,https://tj.zu.anjuke.com/fangyuan/1219831921
龙博花园精装2室 真是图片 房子没得说 出门人人乐 财大地铁,龙博花园,2600 元/月,https://tj.zu.anjuke.com/fangyuan/1217661314
义德里 小区房源 入住好礼 免费宽带 优惠多多,义德里,2320 元/月,https://tj.zu.anjuke.com/fangyuan/1219202117
一降到底 首月减800再返现 林苑东里  超高性价比,林苑东里,350 元/月,https://tj.zu.anjuke.com/fangyuan/1220966861
芥园西里 小区房源 集中供暖 干净卫生 免费宽带,芥园西里,1140 元/月,https://tj.zu.anjuke.com/fangyuan/1217167929
鞍山道111号楼 小区房源 住的舒心 免费宽带 优惠多多,鞍山道111号楼,1850 元/月,https://tj.zu.anjuke.com/fangyuan/1217701171
城市之光星光园 好房出租 品牌好房 贴心管家 优惠多多,城市之光星光园,1620 元/月,https://tj.zu.anjuke.com/fangyuan/1217682087
久轩家园好房出租 干净卫生 环境优美 优惠多多,久轩家园,1330 元/月,https://tj.zu.anjuke.com/fangyuan/1217628488
远洋心里，步行MSD，精装带飘窗，首月0租金!无中介包取暖！,远洋心里,980 元/月,https://tj.zu.anjuke.com/fangyuan/1217924293
美丽屋乐享租零租金 临近1号刘园 包物业取暖免费无线上网,秋瑞家园,820 元/月,https://tj.zu.anjuke.com/fangyuan/1216791701
詹安里 小区房源 住的舒心 紧邻公交地铁站 小区环境优美,詹安里,1020 元/月,https://tj.zu.anjuke.com/fangyuan/1217627178
1号线 勤俭道 怡水苑 三家合租 免租900元 看房随时,怡水苑,900 元/月,https://tj.zu.anjuke.com/fangyuan/1217310866
四构件 押一付一 双周保洁 0中J费 全新装修 拎包入住,四构件社区,1120 元/月,https://tj.zu.anjuke.com/fangyuan/1220150385
好房出租 品牌好房 免费宽带 优惠多多,府湖里,930 元/月,https://tj.zu.anjuke.com/fangyuan/1216671242
凌研里 好房出租 环境优美 免费宽带 优惠多多,凌研里,1420 元/月,https://tj.zu.anjuke.com/fangyuan/1217165986
科艺里 好房出租 品牌好房 贴心管家 优惠多多,科艺里,1060 元/月,https://tj.zu.anjuke.com/fangyuan/1217171413
悦海园 街里附近合租单间 包物业采暖网费 可短租 无中J费！,悦海园,970 元/月,https://tj.zu.anjuke.com/fangyuan/1217899371
登州路地铁 雪莲东里 精装卧室 出租 包物业取暖可月付,雪莲东里,700 元/月,https://tj.zu.anjuke.com/fangyuan/1219603091
风屏公寓 好房出租 家具齐全 免费宽带 紧邻公交地铁站,风屏公寓,1170 元/月,https://tj.zu.anjuke.com/fangyuan/1217230734
平江北里 真正的白领公寓 全天候客服接线 管家随时陪看房,平江北里,1000 元/月,https://tj.zu.anjuke.com/fangyuan/1217165996
世昌里 好房出租 家具家电齐全 小区环境优美 带厨房,世昌里,1510 元/月,https://tj.zu.anjuke.com/fangyuan/1217702158
通达新苑 精装修 东西齐全 临近二附属医院 高性价比 好房,通达新苑,2300 元/月,https://tj.zu.anjuke.com/fangyuan/1220511973
大直沽双地铁好房 宫前园两室 大面积采光好 家电齐全急租,宫前园,2500 元/月,https://tj.zu.anjuke.com/fangyuan/1218452215
"重光西里 畅想真正的浪漫花园洋房生活,回家就是一种渡假",重光西里,1870 元/月,https://tj.zu.anjuke.com/fangyuan/1217657040
"荣兴温泉公寓 畅想真正的浪漫花园洋房生活,回家就是一种渡假",荣兴温泉公寓,1740 元/月,https://tj.zu.anjuke.com/fangyuan/1217670053
金湾公寓 好房出租 环境优美 免费宽带 优惠多多,金湾公寓,1940 元/月,https://tj.zu.anjuke.com/fangyuan/1219202079
鑫东国际公寓 好房出租 干净卫生 免费宽带 优惠多多,鑫东国际公寓,910 元/月,https://tj.zu.anjuke.com/fangyuan/1216538166
鑫东国际公寓 小区房源 环境优美 免费宽带 优惠多多,鑫东国际公寓,990 元/月,https://tj.zu.anjuke.com/fangyuan/1216511737
急租吉万里  紧邻地铁 押一付一 全新家具家电 随时带看,吉万里,1640 元/月,https://tj.zu.anjuke.com/fangyuan/1217691642
常德道75号小区 好房出租 入住好礼 贴心管家 优惠多多,常德道75号小区,970 元/月,https://tj.zu.anjuke.com/fangyuan/1220266717
元吉里 家具齐全 押一付一  免中J费 看房方便,元吉里,1450 元/月,https://tj.zu.anjuke.com/fangyuan/1217213574
一降到底 首月减800再返现 顺达公寓  专属管家 随时看房,顺达公寓,380 元/月,https://tj.zu.anjuke.com/fangyuan/1220976687
倚虹西里 小区房源 家具齐全 免费宽带 优惠多多,倚虹西里,1200 元/月,https://tj.zu.anjuke.com/fangyuan/1217225611
同心嘉园 好房出租 品牌好房 贴心管家 优惠多多,同心嘉园,1040 元/月,https://tj.zu.anjuke.com/fangyuan/1217213890
沧浪西里 好房出租 家具齐全 免费宽带 优惠多多,沧浪西里,1070 元/月,https://tj.zu.anjuke.com/fangyuan/1217225122
一降到底   首月减800再返现 建德里  贴心管家服务,建德里,390 元/月,https://tj.zu.anjuke.com/fangyuan/1220945717
靖卫公寓 小区房源 住的舒心 紧邻公交地铁站 小区环境优美,靖卫公寓,1250 元/月,https://tj.zu.anjuke.com/fangyuan/1217219131
远洋国际中心 巨福新园精装主卧 大阳台低楼层 押一付一无杂费,巨福新园,1290 元/月,https://tj.zu.anjuke.com/fangyuan/1220680777
美丽屋租金减半 乐享租房 精装全齐 包物业取暖 随时看房！,秋瑞家园,800 元/月,https://tj.zu.anjuke.com/fangyuan/1217177957
诺丁山新出豪华单间供大家挑选需要请联系,保利金融街诺丁山,900 元/月,https://tj.zu.anjuke.com/fangyuan/1217986277
律纬路35号大院 好房出租 家具齐全 免费宽带 紧邻公交地铁,律纬路35号大院,1150 元/月,https://tj.zu.anjuke.com/fangyuan/1217218480
水乡9号 好房出租 品牌好房 贴心管家 优惠多多,水乡花园9号楼,1470 元/月,https://tj.zu.anjuke.com/fangyuan/1217174252
一降到底 首月减800再返现 世芳园  超高性价比,世芳园,380 元/月,https://tj.zu.anjuke.com/fangyuan/1220965751
小区房源 品牌好房 免费宽带 优惠多多,铜锣湾花园,1020 元/月,https://tj.zu.anjuke.com/fangyuan/1217232294
金地紫乐府二号桥家具齐全 精装 押一付一  0中J费,金地紫乐府,1850 元/月,https://tj.zu.anjuke.com/fangyuan/1217692787
急租康馨里 家具齐全  押一付一  紧邻地铁 随时带看,康馨里,2070 元/月,https://tj.zu.anjuke.com/fangyuan/1218868949
紫光苑 小区房源 集中供暖 干净卫生 免费宽带,紫光苑,1450 元/月,https://tj.zu.anjuke.com/fangyuan/1220281359
松月村 好房出租 品牌好房 贴心管家 优惠多多,松月村小区,1050 元/月,https://tj.zu.anjuke.com/fangyuan/1217203418
好房出租 入住好礼 免费宽带 优惠多多,宜君里,1360 元/月,https://tj.zu.anjuke.com/fangyuan/1217629698
乐园里 好房出租 干净卫生 免费宽带 优惠多多,乐园里,1290 元/月,https://tj.zu.anjuke.com/fangyuan/1217631128
宜君北里 好房急租 可押一  家具家电齐全 随时带看,宜君北里,1200 元/月,https://tj.zu.anjuke.com/fangyuan/1217627860
首月0租金！金冠里，步行地铁站，家电齐全精装修，无中介包取暖,金冠里,1350 元/月,https://tj.zu.anjuke.com/fangyuan/1219804835
急租冠云东里 拎包入住 可押一付一 0中J费 全新装修,冠云东里,1460 元/月,https://tj.zu.anjuke.com/fangyuan/1217227548
致远家园精装修三室，临近地铁三号线，家电齐全 拎包入住,北宁湾致远家园,3200 元/月,https://tj.zu.anjuke.com/fangyuan/1224421529
急租橙翠园  紧邻地铁 押一付一 全新家具家电 随时带看,橙翠园,1830 元/月,https://tj.zu.anjuke.com/fangyuan/1218840331
远洋心里，步行MSD，精装带飘窗，首月0租金!无中介包取暖！,远洋心里,980 元/月,https://tj.zu.anjuke.com/fangyuan/1217924293
蛋壳公寓直租 新华利里  押一付一  家具全新,新华利里,1710 元/月,https://tj.zu.anjuke.com/fangyuan/1223427108
好房出租 品牌好房 免费宽带 优惠多多,川东里,1440 元/月,https://tj.zu.anjuke.com/fangyuan/1223829242
新港公园旁 尚海园2室  中间楼层 免押金月付 随时入住,尚海园,1850 元/月,https://tj.zu.anjuke.com/fangyuan/1216924278
矽谷港湾家具齐全 精装 押一付一  0中J费,矽谷港湾,2300 元/月,https://tj.zu.anjuke.com/fangyuan/1222079581
一降到底   首月减800再返现 四季馨园  贴心管家服务,四季馨园,300 元/月,https://tj.zu.anjuke.com/fangyuan/1220964031
盛星东海岸 新出两室 精装修 拎包入住,盛星东海岸,1900 元/月,https://tj.zu.anjuke.com/fangyuan/1223705341
好房出租 品牌好房 免费宽带 优惠多多,德邻里,1500 元/月,https://tj.zu.anjuke.com/fangyuan/1217668607
立生东里 小区房源  可押一付一 住的舒心 随时带看,立生东里,1930 元/月,https://tj.zu.anjuke.com/fangyuan/1217692690
天津站附近 汇和家园 精装电梯房直租无中介 包物业采暖网费,汇和家园,900 元/月,https://tj.zu.anjuke.com/fangyuan/1218282089
小白楼 养和里 2室厅1卫 东,养和里,1930 元/月,https://tj.zu.anjuke.com/fangyuan/1224350158
丹凤里  家具齐全 高速宽带 随时带看 押一付一,丹凤里,1140 元/月,https://tj.zu.anjuke.com/fangyuan/1223667220
蛋壳公寓直租 曹庄欣苑  押一付一  家具全新,曹庄欣苑,1690 元/月,https://tj.zu.anjuke.com/fangyuan/1223872033
0租金平山里精装卧室带阳台，地铁铁塔，中海八里台广场，免中介,平山里(北区),1400 元/月,https://tj.zu.anjuke.com/fangyuan/1219806659
橙翠园 小区房源 入住好礼 欧式装修 优惠多多,太阳城橙翠园,1520 元/月,https://tj.zu.anjuke.com/fangyuan/1218878687
副食楼 好房出租 紧邻公交地铁站 干净卫生 免费宽带,副食楼,960 元/月,https://tj.zu.anjuke.com/fangyuan/1223897393
下瓦房 连荣里 1室厅1卫 南,连荣里社区,2390 元/月,https://tj.zu.anjuke.com/fangyuan/1224317530
顶佳金领地 好房出租 精装修 可押一 全新家具家电 随时带看,顶佳金领地,1470 元/月,https://tj.zu.anjuke.com/fangyuan/1224319526
居华里 好房出租 干净卫生 免费宽带 优惠多多,居华里,940 元/月,https://tj.zu.anjuke.com/fangyuan/1223879138
新城小区 天津医院  解放南路与大沽南路交口,新城小区,1800 元/月,https://tj.zu.anjuke.com/fangyuan/1220580620
韶山道 好房出租 精装修 可押一 全新家具家电 随时带看,韶山道小区,730 元/月,https://tj.zu.anjuke.com/fangyuan/1223897335
悦盛园两室一厅拎包入住,悦盛园,2000 元/月,https://tj.zu.anjuke.com/fangyuan/1219427517
鞍山道 福方里 3室厅2卫 西南,福方里,1590 元/月,https://tj.zu.anjuke.com/fangyuan/1224347184
万科新城芸香苑 好房出租 品牌好房 双周保洁 速速来电,万科新城芸香苑,920 元/月,https://tj.zu.anjuke.com/fangyuan/1223702244
一降到底 首月减800再返现 紫熙臺 押一付一 无附加费,紫熙臺,300 元/月,https://tj.zu.anjuke.com/fangyuan/1220964065
禄达花园 小区房源 入住好礼 免费宽带 优惠多多,禄达花园,2110 元/月,https://tj.zu.anjuke.com/fangyuan/1219162930
一降到底首月减800再返现  军馨家园 品牌好房 欧式装修,军馨家园,380 元/月,https://tj.zu.anjuke.com/fangyuan/1220961922
蛋壳公寓直租 红磡花园  押一付一  家具全新,红磡花园,1000 元/月,https://tj.zu.anjuke.com/fangyuan/1223814885
金海岸豪华装修。地铁三号线金狮桥地铁站。拎包入住,金海岸公寓,2600 元/月,https://tj.zu.anjuke.com/fangyuan/1218595352
稚优里 好房出租 环境优美 免费宽带 优惠多多,稚优里,2160 元/月,https://tj.zu.anjuke.com/fangyuan/1216401215
金湾花园紧邻地铁  随时带看 家具全齐中介勿扰,金湾花园,2030 元/月,https://tj.zu.anjuke.com/fangyuan/1218889525
柳景家园 包物业采暖费可押一付一 可短租一个月,柳景家园,870 元/月,https://tj.zu.anjuke.com/fangyuan/1223543567
彩丽园 好房出租 全新装修 可押一 中介勿扰 急租,彩丽园,1980 元/月,https://tj.zu.anjuke.com/fangyuan/1213067745
福东北里 好房出租 家具齐全 免费宽带 紧邻公交地铁站,福东北里,1880 元/月,https://tj.zu.anjuke.com/fangyuan/1217705965
"水上温泉花园 畅想真正的浪漫花园洋房生活,回家就是一种渡假",水上温泉花园,1460 元/月,https://tj.zu.anjuke.com/fangyuan/1223820529
贝肯山壹间公寓 全新精装 品牌家私家电 集中管理 拎包入住,贝肯山斯茹园,9433 元/月,https://tj.zu.anjuke.com/fangyuan/1222027383
三水南里 好房出租 家具齐全 免费宽带 优惠多多,三水南里,740 元/月,https://tj.zu.anjuke.com/fangyuan/1223905124
奋斗楼 临近地铁 精装修 家电全齐 拎包入住 随时看房,奋斗楼,1500 元/月,https://tj.zu.anjuke.com/fangyuan/1222358905
一降到底 首月减800再返现 盈江里 押一付一 无附加费,盈江里,330 元/月,https://tj.zu.anjuke.com/fangyuan/1220962285
月秋里 中山路地铁三号线 附近 便宜一室 可随时看房,月秋里,1900 元/月,https://tj.zu.anjuke.com/fangyuan/1217604942
"贵山里 住蛋壳,根本不用带钥匙 酒店式公寓 近地铁0中介",贵山里,1270 元/月,https://tj.zu.anjuke.com/fangyuan/1223803278
天津雅颂居 好房出租 家具家电齐全 小区环境优美 带厨房,天津雅颂居,1410 元/月,https://tj.zu.anjuke.com/fangyuan/1223809542
"华记里 畅想真正的浪漫花园洋房生活,回家就是一种渡假",华记里,1090 元/月,https://tj.zu.anjuke.com/fangyuan/1223198981
津澜阙 真正的白领公寓 全天候客服接线 管家随时陪看房,津澜阙,800 元/月,https://tj.zu.anjuke.com/fangyuan/1223906830
融创城 好房出租 家具齐全 免费宽带 紧邻公交地铁站,融创城,1130 元/月,https://tj.zu.anjuke.com/fangyuan/1223823848
华屏里 精装修一室 家具家电齐全 拎包入住 有钥匙 看房方便,华屏里,1700 元/月,https://tj.zu.anjuke.com/fangyuan/1221376289
南仓新苑 押一付一 双周保洁 0中J费 全新装修 拎包入住,南仓新苑,1260 元/月,https://tj.zu.anjuke.com/fangyuan/1223838131
昌源公寓 真正的白领公寓 全天候客服接线 管家随时陪看房,昌源公寓,1830 元/月,https://tj.zu.anjuke.com/fangyuan/1223884570
远洋国际中心 欣荣馨苑 4室厅2卫 东南,欣荣馨苑,1230 元/月,https://tj.zu.anjuke.com/fangyuan/1224200083
卫安中里 小区房源 环境优美 免费宽带 优惠多多,卫安中里,950 元/月,https://tj.zu.anjuke.com/fangyuan/1215297386
一降到底  首月减800再返现 中海御湖翰苑  采光好 出行,中海御湖翰苑,320 元/月,https://tj.zu.anjuke.com/fangyuan/1220970192
蛋壳公寓直租 西营门街 雅和园  智能门锁  北欧风精装,和苑雅和园,1130 元/月,https://tj.zu.anjuke.com/fangyuan/1223779593
嘉祥里 好房出租 紧邻公交地铁站 干净卫生 免费宽带,嘉祥里,1000 元/月,https://tj.zu.anjuke.com/fangyuan/1223831631
"正源公寓,新出一室,家具家电全齐,洗衣机,冰箱全新,拎包入住",燕宇新城,1300 元/月,https://tj.zu.anjuke.com/fangyuan/1223624793
津品鉴筑熙景园 小区房源 环境优美 免费宽带 优惠多多,津品鉴筑熙景园,2280 元/月,https://tj.zu.anjuke.com/fangyuan/1223747425
开发区二大街 洞庭路壹号 精装两室 家电齐全 有钥匙随时看,融创洞庭路壹号,2800 元/月,https://tj.zu.anjuke.com/fangyuan/1222579404
芳林园前排，好楼层观景房！精装非常温馨品质电器！房主出国急租,芳林泰达园,4000 元/月,https://tj.zu.anjuke.com/fangyuan/1223845433
一降到底  首月减800再返现 九州国际 押一付一 专人打理,九州国际,380 元/月,https://tj.zu.anjuke.com/fangyuan/1220958593
